№ п/п	код дороги	Идентификационный номер	Значение дороги	Наименование района	Наименование автомобильной дороги	Категория автомо-бильной дороги	Адрес начала участка, км	Адрес конца участка, км	общая	асфальто-бетон	бетон и железо- бетон	щебень	грунт
1.	4001430	73 ОП РЗ К-1430	Региональное	Базарносызганский	 Барыш-Инза-Карсун-Урено-Карлинское	III	12.69	33.93	21.24	21.24			
2.	9730101	73 210 ОП МЗ Н-001	Межмуниципальное	Базарносызганский	 Инза-Папузы	IV	32.7	38.58	5.88			5.88	
3.	9730102	73 202 ОП МЗ Н-001	Межмуниципальное	Базарносызганский	 Базарный Сызган-Глотовка	IV	0	16	16	16			
4.	9730103	73 202 ОП МЗ Н-002	Межмуниципальное	Базарносызганский	 Базарный Сызган-Годяйкино	IV	0	31.82	31.62	31.62			
5.	9730104	73 202 ОП МЗ Н-003	Межмуниципальное	Базарносызганский	 Красная Сосна-Дальнее Поле	IV	0	7	7			7	
6.	9730105	73 202 ОП МЗ Н-004	Межмуниципальное	Базарносызганский	" ""Барыш-Инза-Карсун-Урено-Карлинское""-Лапшаур-Русская Хомутерь"	IV	0	10.748	10.748	10.748			
7.	9730106	73 202 ОП МЗ Н-005	Межмуниципальное	Базарносызганский	" ""Базарный Сызган-Годяйкино""-Патрикеево"	IV	0	3.3	3.3	3.3			
8.	9730107	73 202 ОП МЗ Н-006	Межмуниципальное	Базарносызганский	 Базарный Сызган-Должниково	IV	0	7.936	7.936	7.936			
9.	9730107	73 202 ОП МЗ Н-007	Межмуниципальное	Базарносызганский	"Подъезд к п. Раздолье (совхоз ""Дружба"")"	IV	0	0.581	0.581	0.581			
10.	9730108	73 202 ОП МЗ Н-008	Межмуниципальное	Базарносызганский	 Сосновый Бор-Чаадаевка	IV	0	4.66	4.66	3.9		0.76	
11.	9730109	73 202 ОП МЗ Н-009	Межмуниципальное	Базарносызганский	 Сосновый Бор-Жмакино-Вороновка	V	0	8.1	8.1			8.1	
12.	9730110	73 202 ОП МЗ Н-010	Межмуниципальное	Базарносызганский	" ""Барыш-Инза-Карсун-Урено-Карлинское""-Бурское"	V	0	2.5	2.5			2.5	
13.	9730111	73 202 ОП МЗ Н-011	Межмуниципальное	Базарносызганский	 Раздолье-Чёрный Ключ	V	0	6.2	6.2			6.2	
14.	9730112	73 202 ОП МЗ Н-012	Межмуниципальное	Базарносызганский	Базарный Сызган-Бугры	V	0	1.9	1.9			1.9	
Итого по Базарносызганскому району									127.665	95.325	0	32.34	0
1.	4001427	73 ОП РЗ К-1427	Региональное	Барышский	 Солдатская Ташла-Кузоватово-Новоспасское-Радищево-Старая Кулатка-граница области	III	52.72	53.85	1.13	1.13			
2.	4001430	73 ОП РЗ К-1430	Региональное	Барышский	 Барыш-Инза-Карсун-Урено-Карлинское	III	0	12.69	12.69	12.69			
3.	4001431	73 ОП РЗ К-1431	Региональное	Барышский	" ""Саранск-Сурское-Ульяновск""-Вальдиватское-Карсун-Вешкайма-Беклемишево-Старотимошкино"	IV	86.36	100.703	14.343	14.343			
4.	4001432	73 ОП РЗ К-1432	Региональное	Барышский	 Урено-Карлинское-Чуфарово-Вешкайма-Барыш 	IV	69.8	98.435	28.635	28.635			
5.	4001434	73 ОП РЗ К-1434	Региональное	Барышский	 Бестужевка-Барыш-Николаевка-Павловка-граница области	III	1.425	86.2	84.775	84.775			
6.	9730103	73 202 ОП МЗ Н-002	Межмуниципальное	Барышский	 Базарный Сызган-Годяйкино	IV	18.56	18.76	0.2	0.2			
7.	9730202	73 204 ОП МЗ Н-001	Межмуниципальное	Барышский	 Барыш-Ляховка	IV	0	26.475	26.475	26.475			
8.	9730203	73 204 ОП МЗ Н-002	Межмуниципальное	Барышский	 Попова Мельница-Малая Хомутерь	IV	0	3.11	3.11	3.11			
9.	9730204	73 204 ОП МЗ Н-003	Межмуниципальное	Барышский	 Головцево-Русское Тимошкино	IV	0	4.97	4.97			4.97	
10.	9730205	73 204 ОП МЗ Н-004	Межмуниципальное	Барышский	 Живайкино-Осока	IV	0	10.75	10.75	10.75			
11.	9730206	73 204 ОП МЗ Н-005	Межмуниципальное	Барышский	 Румянцево-Красная Поляна	IV	0	19.225	19.225	19.225			
12.	9730207	73 204 ОП МЗ Н-006	Межмуниципальное	Барышский	 Барыш-Приозёрный	IV	0	34.07	34.07	34.07			
13.	9730208	73 204 ОП МЗ Н-007	Межмуниципальное	Барышский	 Новая Бекшанка-Сурские Вершины	IV	0	6.7	6.7	6.2		0.5	
14.	9730209	73 204 ОП МЗ Н-008	Межмуниципальное	Барышский	" ""Барыш-Приозёрный""-Богдановка-Конновка"	IV	0	6.4	6.4			6.4	
15.	9730210	73 204 ОП МЗ Н-009	Межмуниципальное	Барышский	" ""Бестужевка-Барыш-Николаевка-Павловка-граница области""-Поливаново"	IV	0	3.894	3.894	3.894			
16.	9730211	73 204 ОП МЗ Н-010	Межмуниципальное	Барышский	" ""Барыш-Ляховка""-Новая Ханинеевка"	IV	0	2.87	2.87	2.87			
17.	9730212	73 204 ОП МЗ Н-011	Межмуниципальное	Барышский	" ""Бестужевка-Барыш-Николаевка-Павловка-граница области""-Русская Бекшанка"	IV	0	1.2	1.2	1.2			
18.	9730213	73 204 ОП МЗ Н-012	Межмуниципальное	Барышский	" ""Бестужевка-Барыш-Николаевка-Павловка-граница области""-Новая Бекшанка"	IV	0	2	2			2	
19.	9730214	73 204 ОП МЗ Н-013	Межмуниципальное	Барышский	 Малая Хомутерь-Старая Савадерка	IV	0	5.5	5.5	5.5			
20.	9730215	73 204 ОП МЗ Н-014	Межмуниципальное	Барышский	 Поливаново-Мордовская Темрязань	V	0	6.16	6.16			6.16	
21.	9730216	73 204 ОП МЗ Н-015	Межмуниципальное	Барышский	" ""Бестужевка-Барыш-Николаевка-Павловка-граница области""-Водорацкие Выселки"	V	0	0.295	0.295	0.295			
22.	9730217	73 204 ОП МЗ Н-016	Межмуниципальное	Барышский	 Жадовка-Павловка	IV	0	18.528	18.528	18.528			
23.	9730217	73 204 ОП МЗ Н-017	Межмуниципальное	Барышский	Новый Дол-Новодольские поселки	V	0	7.3	7.3			7.3	
24.		73 204 ОП МЗ Н-018	Межмуниципальное	Барышский	«Бестужевка – Барыш – Николаевка – Павловка – граница области» –«Урено-Карлинское – Чуфарово – Вешкайма –Барыш»		0	1.35	1.35			1.35	
Итого по Барышскому району									302.57	273.89	0	28.68	0
1.	4001430	73 ОП РЗ К-1430	Региональное	Вешкаймский	 Барыш-Инза-Карсун-Урено-Карлинское	III	107.3	108.6	1.3	1.3			
2.	4001431	73 ОП РЗ К-1431	Региональное	Вешкаймский	" ""Саранск-Сурское-Ульяновск""-Вальдиватское-Карсун-Вешкайма-Беклемишево-Старотимошкино"	IV	30.56	86.36	55.8	55.8			
3.	4001432	73 ОП РЗ К-1432	Региональное	Вешкаймский	 Урено-Карлинское-Чуфарово-Вешкайма-Барыш 	IV	24.5	69.8	45.133	45.133			
4.	9730301	73 207 ОП МЗ Н-001	Межмуниципальное	Вешкаймский	 Каргино-Шарлово	IV	0	17.729	17.729	17.729			
5.	9730302	73 207 ОП МЗ Н-002	Межмуниципальное	Вешкаймский	" ""Барыш-Инза-Карсун-Урено-Карлинское""-Старое Погорелово-Шарлово"	IV	0.6	24.522	23.922	23.922			
6.	9730303	73 207 ОП МЗ Н-003	Межмуниципальное	Вешкаймский	" Залесный (совхоз ""Дружный"")-Вешкайма"	IV	0	5.428	5.428	5.428			
7.	9730304	73 207 ОП МЗ Н-004	Межмуниципальное	Вешкаймский	 Вешкайма-Бекетовка	IV	0	12.748	12.748	12.748			
8.	9730305	73 207 ОП МЗ Н-005	Межмуниципальное	Вешкаймский	 Красный Бор-Котяковка	IV	0	5.574	5.574	5.574			
9.	9730306	73 207 ОП МЗ Н-006	Межмуниципальное	Вешкаймский	 Каргино-Коченяевка	IV	0	8.935	8.935	8.935			
10.	9730307	73 207 ОП МЗ Н-007	Межмуниципальное	Вешкаймский	 Стемасс-Чуфарово	IV	0	17.346	17.346	17.346			
11.	9730308	73 207 ОП МЗ Н-008	Межмуниципальное	Вешкаймский	" ""Урено-Карлинское-Чуфарово-Вешкайма-Барыш""-Озерки"	IV	0	2	2	2			
12.	9730309	73 207 ОП МЗ Н-009	Межмуниципальное	Вешкаймский	" ""Урено-Карлинское-Чуфарово-Вешкайма-Барыш""-Нижняя Туарма-Мухино"	IV	0	6.2	6.2	6.2			
13.	9730311	73 207 ОП МЗ Н-010	Межмуниципальное	Вешкаймский	 Ховрино-Белый Ключ	IV	0	5.323	5.323	5.323			
14.	9730313	73 207 ОП МЗ Н-011	Межмуниципальное	Вешкаймский	 Подъезд к п. Забарышский 	IV	0	1.8	1.8			1.8	
15.	9730314	73 207 ОП МЗ Н-012	Межмуниципальное	Вешкаймский	" ""Саранск-Сурское-Ульяновск""-Вальдиватское-Карсун-Вешкайма-Беклемишево-Старое Тимошкино""-Беклемишево"	V	0	2.5	2.5			2.5	
16.	9730315	73 207 ОП МЗ Н-013	Межмуниципальное	Вешкаймский	 Подъезд к с. Араповка	V	0	1.975	1.975			1.975	
17.	9730316	73 207 ОП МЗ Н-014	Межмуниципальное	Вешкаймский	 Подъезд к с. Ховрино	V	0	1.042	1.042			1.042	
18.	9730317	73 207 ОП МЗ Н-015	Межмуниципальное	Вешкаймский	 Подъезд к с. Белый Ключ	V	0	1.319	1.319			1.319	
19.	9730318	73 207 ОП МЗ Н-016	Межмуниципальное	Вешкаймский	 Подъезд к с.Вырыпаевка	V	0	0.7	0.7			0.7	
20.	9730318	73 207 ОП МЗ Н-017	Межмуниципальное	Вешкаймский	"""Каргино-Шарлово""- д. Шарлово"	V	0	0.5	0.5			0.5	
21.	9730318	73 207 ОП МЗ Н-018	Межмуниципальное	Вешкаймский	Ахматово-Белый Ключ	V	0	2.2	2.2			2.2	
Итого по Вешкаймскому району									219.474	207.438	0	12.036	0
1.	4000049	73 ОП РЗ Р-049	Региональное	Инзенский	 Инза-Оськино-граница области	III	0	16.736	16.736	16.736			
2.	4001430	73 ОП РЗ К-1430	Региональное	Инзенский	 Барыш-Инза-Карсун-Урено-Карлинское	III	33.93	86.1	52.17	52.17			
3.	9730101	73 210 ОП МЗ Н-001	Межмуниципальное	Инзенский	 Инза-Папузы	IV	0	32.7	32.7	28.56		4.14	
4.	9730102	73 202 ОП МЗ Н-001	Межмуниципальное	Инзенский	 Базарный Сызган-Глотовка	IV	16	29.169	13.169	13.169			
5.	9730401	73 210 ОП МЗ Н-002	Межмуниципальное	Инзенский	 Труслейка-Тияпино-Чамзинка	IV	0	67.365	67.365	67.365			
6.	9730404	73 210 ОП МЗ Н-003	Межмуниципальное	Инзенский	 Пятино-Первомайское	IV	0	18.5	18.5	18.5			
7.	9730405	73 210 ОП МЗ Н-004	Межмуниципальное	Инзенский	" ""Барыш-Инза-Карсун-Урено-Карлинское""-Юлово"	IV	0	6.5	6.5			6.5	
8.	9730406	73 210 ОП МЗ Н-005	Межмуниципальное	Инзенский	 Валгуссы-Палатово	IV	0	5.69	5.69	5.69			
9.	9730407	73 210 ОП МЗ Н-006	Межмуниципальное	Инзенский	" ""Инза-Папузы""-Репьевка-Бояркино"	IV	0	6.5	6.5	6.5			
10.	9730408	73 210 ОП МЗ Н-007	Межмуниципальное	Инзенский	 Коржевка-Новосурск-Стрельниково	IV	0	15.68	15.68			15.68	
11.	9730409	73 210 ОП МЗ Н-008	Межмуниципальное	Инзенский	 Оськино-Панциревка	IV	0	4.7	4.7	4.7			
12.	9730411	73 210 ОП МЗ Н-009	Межмуниципальное	Инзенский	 Аргаш-Городище-Налитово-Аксаур	IV	0	18	18			18	
13.	9730412	73 210 ОП МЗ Н-010	Межмуниципальное	Инзенский	" ""Базарный Сызган-Глотовка""-Неклюдовский"	IV	0	2	2	2			
14.	9730413	73 210 ОП МЗ Н-011	Межмуниципальное	Инзенский	" ""Инза-Оськино-граница области""-Забалуйка"	IV	0	2.2	2.2	2.2			
15.	9730414	73 210 ОП МЗ Н-012	Межмуниципальное	Инзенский	 Панциревка-Дмитриевка	IV	0	3	3	3			
16.	9730507	73 214 ОП МЗ Н-007	Межмуниципальное	Инзенский	 Сосновка-Глотовка	IV	10.5	17.912	7.412	7.412			
17.	9730507	73 210 ОП МЗ Н-013	Межмуниципальное	Инзенский	"""Барыш-Инза-Карсун-Урено-Карлинское""-Борисова Поляна"	V	0	1.8	1.8			1.8	
18.	9730507	73 210 ОП МЗ Н-014	Межмуниципальное	Инзенский	Тияпино-Николаевка-граница области	IV	0	5.095	5.095	5.095			
19.		73 210 ОП МЗ Н-015	Межмуниципальное	Инзенский	Автодорога улица Чапаева – улица Молодёжная – улица  Герцена – до пересечения с осью автомобильной дороги Инза – Аристовка		0	3.704	3.704				3.704
20.		73 210 ОП МЗ Н-016	Межмуниципальное	Инзенский	Автодорога от пересечения               улицы Толстого и                улицы Менделеева – улицы Карла Либкнехта до пересечения автодороги «Чапаева – Герцена»		0	0.789	0.789				0.789
21.		73 210 ОП МЗ Н-017	Межмуниципальное	Инзенский	Труслейка- разъезд Дубёнки		0	7.516	7.516	2.5372			4.9788
Итого по Инзенскому району									291.226	235.6342	0	46.12	9.4718
1.	4001430	73 ОП РЗ К-1430	Региональное	Карсунский	 Барыш-Инза-Карсун-Урено-Карлинское	III	86.1	141.335	53.935	53.935			
2.	4001431	73 ОП РЗ К-1431	Региональное	Карсунский	" ""Саранск-Сурское-Ульяновск""-Вальдиватское-Карсун-Вешкайма-Беклемишево-Старотимошкино"	IV	0	30.56	28.682	28.682			
3.	4001432	73 ОП РЗ К-1432	Региональное	Карсунский	 Урено-Карлинское-Чуфарово-Вешкайма-Барыш 	III	0	9.7	9.7	9.7			
4.	4001442	73 244 ОП МЗ Н-001	Межмуниципальное	Карсунский	 Усть-Урень-Астрадамовка-Шатрашаны	IV	0	8.1	8.1	8.1			
5.	9730302	73 207 ОП МЗ Н-002	Межмуниципальное	Карсунский	" ""Барыш-Инза-Карсун-Урено-Карлинское""-Старое Погорелово-Шарлово"	IV	0	0.6	0.6	0.6			
6.	9730408	73 210 ОП МЗ Н-007	Межмуниципальное	Карсунский	Коржевка-Новосурск-Стрельниково	IV	15.68	17.454	1.774			1.774	
7.	9730501	73 214 ОП МЗ Н-001	Межмуниципальное	Карсунский	 Карсун-Ростислаевка	IV	0	29.38	29.38	25.29		4.09	
8.	9730502	73 214 ОП МЗ Н-002	Межмуниципальное	Карсунский	 Новое Погорелово-Сухой Карсун	IV	0	12.488	12.488	12.488			
9.	9730503	73 214 ОП МЗ Н-003	Межмуниципальное	Карсунский	 Карсун-Усть-Урень	"IV (0-15,8)
V (15,8-19,3)"	0	19.3	19.3	10.5		5.3	3.5
10.	9730504	73 214 ОП МЗ Н-004	Межмуниципальное	Карсунский	 Урено-Карлинское-Теньковка	IV	0	6.9	6.9	6.9			
11.	9730505	73 214 ОП МЗ Н-005	Межмуниципальное	Карсунский	 Русские Горенки-Кадышево	IV	0	9.918	9.918	9.918			
12.	9730506	73 214 ОП МЗ Н-006	Межмуниципальное	Карсунский	" ""Барыш-Инза-Карсун-Урено-Карлинское""-Сосновка"	IV	0	1.432	1.432	1.432			
13.	9730507	73 214 ОП МЗ Н-007	Межмуниципальное	Карсунский	 Сосновка-Глотовка	IV	0	10.5	10.5	10.5			
14.	9730508	73 214 ОП МЗ Н-008	Межмуниципальное	Карсунский	 Большие Поселки-Комаровка	IV	0	6.44	6.44	6.44			
15.	9730509	73 214 ОП МЗ Н-009	Межмуниципальное	Карсунский	" ""Саранск-Сурское-Ульяновск""-Вальдиватское-Карсун-Вешкайма-Беклемишево-Старотимошкино""-Потьма"	IV	0	3	3	3			
16.	9730510	73 214 ОП МЗ Н-010	Межмуниципальное	Карсунский	 Таволжанка-Чулочно-носочная фабрика	IV	0	2.8	2.8	2.8			
17.	9730511	73 214 ОП МЗ Н-011	Межмуниципальное	Карсунский	" ""Саранск-Сурское-Ульяновск""-Языково"	IV	0	1.97	1.97	1.97			
18.	9730512	73 214 ОП МЗ Н-012	Межмуниципальное	Карсунский	" ""Саранск-Сурское-Ульяновск""-Малая Кандарать"	IV	0	2.3	2.3	2.3			
19.	9730513	73 214 ОП МЗ Н-013	Межмуниципальное	Карсунский	" ""Барыш-Инза-Карсун-Урено-Карлинское""-Краснополка"	IV	0	2.4	2.4	1.1		1.3	
20.	9730514	73 214 ОП МЗ Н-014	Межмуниципальное	Карсунский	" ""Саранск-Сурское-Ульяновск""-Большая Кандарать"	IV	0	2.5	2.5	2.5			
21.	9730515	73 244 ОП МЗ Н-003	Межмуниципальное	Карсунский	" ""Усть-Урень-Астрадамовка-Шатрашаны""-Кезьмино"	IV	0	5.4	5.4	5.4			
22.	9730516	73 214 ОП МЗ Н-015	Межмуниципальное	Карсунский	 Татарские Горенки-Русская Голышевка	IV	0	3.24	3.24	3.24			
23.	9730517	73 214 ОП МЗ Н-016	Межмуниципальное	Карсунский	 Сосновка-Ермаки	IV	0	1.8	1.8			1.8	
24.	9730518	73 214 ОП МЗ Н-017	Межмуниципальное	Карсунский	" ""Карсун-Усть-Уренка"" - Усть-Уренка"	IV	0	1.5	1.5			1.5	
25.	9730519	73 214 ОП МЗ Н-018	Межмуниципальное	Карсунский	" ""Барыш-Инза-Карсун-Урено-Карлинское""-Ивановский"	IV	0	1.64	1.64			1.64	
26.	9730520	73 214 ОП МЗ Н-019	Межмуниципальное	Карсунский	"""Барыш-Инза-Карсун-Урено-Карлинское""-Уразовка"	IV	0	0.98	0.98	0.98			
Итого по Карсунскому району									228.679	207.775	0	17.404	3.5
1.	4000061	73 ОП РЗ К-0061	Региональное	Кузоватовский	 Кузоватово-Безводовка-Студенец-граница области	IV	0	34.137	34.137	34.137			
2.	4001427	73 ОП РЗ К-1427	Региональное	Кузоватовский	 Солдатская Ташла-Кузоватово-Новоспасское-Радищево-Старая Кулатка-граница области	"III (0-97,5)
IV (97,5-100,37)"	10.4	100.37	88.84	88.84			
3.	4001429	73 ОП РЗ К-1429	Региональное	Кузоватовский	 Цильна-Большое Нагаткино-Новоникулино-Тагай-Майна-Игнатовка-Чертановка	IV	133	141.668	8.668	8.668			
4.	4001434	73 ОП РЗ К-1434	Региональное	Кузоватовский	 Бестужевка-Барыш-Николаевка-Павловка-граница области	III	0	1.425	1.425	1.425			
5.	9730601	73 216 ОП МЗ Н-001	Межмуниципальное	Кузоватовский	 Томылово-Безводовка	IV	0	4.4	4.4	4.4			
6.	9730602	73 216 ОП МЗ Н-002	Межмуниципальное	Кузоватовский	 Кивать-Никольское	IV	0	14.934	14.934	14.934			
7.	9730603	73 216 ОП МЗ Н-003	Межмуниципальное	Кузоватовский	 Кузоватово-Налейка-Лесное Матюнино	IV	0	24.162	24.162	24.162			
8.	9730604	73 216 ОП МЗ Н-004	Межмуниципальное	Кузоватовский	 Коромысловка-Уваровка	IV	0	8.7	8.7	8.7			
9.	9730605	73 216 ОП МЗ Н-005	Межмуниципальное	Кузоватовский	 Кузоватово-Баевка	IV	0	6.2	6.2	6.2			
10.	9730606	73 216 ОП МЗ Н-006	Межмуниципальное	Кузоватовский	Безводовка – Малая Борла	IV	0	8.444	8.444	8.444			
11.	9730607	73 216 ОП МЗ Н-007	Межмуниципальное	Кузоватовский	 Лесное Матюнино-Жедрино	IV	0	6.6	6.6			1	5.6
12.	9730608	73 216 ОП МЗ Н-008	Межмуниципальное	Кузоватовский	" ""Кузоватово-Безводовка-Студенец-граница области""-Студенец"	IV	0	1	1	1			
13.	9730609	73 216 ОП МЗ Н-009	Межмуниципальное	Кузоватовский	" ""Солдатская Ташла-Кузоватово-Новоспасское-Радищево-Старая Кулатка-граница области""-Стоговка"	IV	0	0.9	0.9	0.9			
14.	9730610	73 216 ОП МЗ Н-010	Межмуниципальное	Кузоватовский	" ""Солдатская Ташла-Кузоватово-Новоспасское-Радищево-Старая Кулатка-граница области""-Спешневка"	IV	0	0.7	0.7	0.7			
15.	9730611	73 216 ОП МЗ Н-011	Межмуниципальное	Кузоватовский	" ""Солдатская Ташла-Кузоватово-Новоспасское-Радищево-Старая Кулатка-граница области""-Первомайский"	IV	0	4.5	4.5	4.5			
16.	9730612	73 216 ОП МЗ Н-012	Межмуниципальное	Кузоватовский	" ""Солдатская Ташла-Кузоватово-Новоспасское-Радищево-Старая Кулатка-граница области""-Хвостиха"	IV	0	4.121	4.121	2.9			1.221
17.	9730613	73 216 ОП МЗ Н-013	Межмуниципальное	Кузоватовский	" ""Солдатская Ташла-Кузоватово-Новоспасское-Радищево-Старая Кулатка-граница области""-Чириково"	IV	0	4.4	4.4	4.4			
18.	9730614	73 216 ОП МЗ Н-014	Межмуниципальное	Кузоватовский	" ""Солдатская Ташла-Кузоватово-Новоспасское-Радищево-Старая Кулатка-граница области""-Смышляевка"	IV	0	1.5	1.5	1.5			
19.	9730615	73 216 ОП МЗ Н-015	Межмуниципальное	Кузоватовский	" ""Солдатская Ташла-Кузоватово-Новоспасское-Радищево-Старая Кулатка-граница области""-Красная Балтия"	IV	0	1.7	1.7	1.7			
20.	9730616	73 216 ОП МЗ Н-016	Межмуниципальное	Кузоватовский	 Стоговка-Екатериновка	IV	0	1.1	1.1	1.1			
21.	9730617	73 216 ОП МЗ Н-017	Межмуниципальное	Кузоватовский	 Приволье-Трубетчина-Ерыкла	V	0	14.4	14.4	14.4			
22.	9730618	73 216 ОП МЗ Н-018	Межмуниципальное	Кузоватовский	 Кузоватово –Зеленый Курган	IV	0	4	4			4	
23.	9730709	73 220 ОП МЗ Н-009	Межмуниципальное	Кузоватовский	" ""Саранск-Сурское-Ульяновск""-Репьевка-Космынка-Путиловка-Гимово-Стоговка"	IV	40.4	44.525	4.125	4.125			
24.	9730709	73 216 ОП МЗ Н-019	Межмуниципальное	Кузоватовский	"""Кузоватово-Безводовка-Студенец-граница области""-Озерки"	IV	0	4.772	4.772	4.772			
25.	9730709	73 216 ОП МЗ Н-020	Межмуниципальное	Кузоватовский	Никольское-п. Заводской	IV	0	4.6	4.6	4.6			
Итого по Кузоватовскому району									258.32	246.5	0	5	6.821
1.	4001429	73 ОП РЗ К-1429	Региональное	Майнский	 Цильна-Большое Нагаткино-Новоникулино-Тагай-Майна-Игнатовка-Чертановка	"III (5,92-105,2)
IV (58,5-59,20)
    (105,2-131,5)"	58.5	133	72.115	72.115			
2.	4001432	73 ОП РЗ К-1432	Региональное	Майнский	 Урено-Карлинское-Чуфарово-Вешкайма-Барыш 	III	9.7	24.5	14.8	14.8			
3.	9730701	73 220 ОП МЗ Н-001	Межмуниципальное	Майнский	 Вязовка-Кадышевка-Ляховка	IV	0	17.4	17.4			17.4	
4.	9730702	73 220 ОП МЗ Н-002	Межмуниципальное	Майнский	 Карцевка-Репьёвка Колхозная	IV	0	9.5	9.5	9.5			
5.	9730703	73 220 ОП МЗ Н-003	Межмуниципальное	Майнский	 Майна-Воецкое-совхоз им. Гимова	IV	0	32.64	32.64	32.64			
6.	9730704	73 220 ОП МЗ Н-004	Межмуниципальное	Майнский	 Аксаково-Сущевка	IV	0	6.9	6.9	0.9			6
7.	9730705	73 220 ОП МЗ Н-005	Межмуниципальное	Майнский	 Абрамовка-Комаровка	V	0	2.6	2.6	2.6			
8.	9730706	73 220 ОП МЗ Н-006	Межмуниципальное	Майнский	 Абрамовка-Кадыковка	IV	0	2.5	2.5	2.5			
9.	9730707	73 220 ОП МЗ Н-007	Межмуниципальное	Майнский	 Загоскино-Белое Озеро-Родниковые Пруды	IV	0	9.5	9.5	9.5			
10.	9730708	73 220 ОП МЗ Н-008	Межмуниципальное	Майнский	 Абрамовка-ст. Выры	IV	0	13.38	13.38	13.38			
11.	9730709	73 220 ОП МЗ Н-009	Межмуниципальное	Майнский	" ""Саранск-Сурское-Ульяновск""-Репьевка-Космынка-Путиловка-Гимово-Стоговка"	IV	0	40.4	40.4	40.4			
12.	9730710	73 220 ОП МЗ Н-010	Межмуниципальное	Майнский	 Майна-Аксаково	IV	0	8.9	8.9	8.9			
13.	9730711	73 220 ОП МЗ Н-011	Межмуниципальное	Майнский	 Старое Никулино-Новые Маклауши-Чирикеево	IV	3.9	21.65	17.75	17.75			
14.	9730712	73 220 ОП МЗ Н-012	Межмуниципальное	Майнский	 Майна-Тамбы	IV	0	4.5	4.5	1		3.5	
15.	9730713	73 220 ОП МЗ Н-013	Межмуниципальное	Майнский	 Игнатовка-Сухаревка	IV	0	8.845	8.845	8.845			
16.	9730714	73 220 ОП МЗ Н-014	Межмуниципальное	Майнский	 Игнатовка-Поповка	IV	0	1.4	1.4	1.4			
17.	9730715	73 220 ОП МЗ Н-015	Межмуниципальное	Майнский	 Майна-Новоанненковский-Сущевка	IV	0	20.27	19.865	19.865			
18.	9730716	73 220 ОП МЗ Н-016	Межмуниципальное	Майнский	Старые Маклауши – п. Труд	IV	0	4	4				4
19.	9730717	73 220 ОП МЗ Н-017	Межмуниципальное	Майнский	" ""Саранск-Сурское-Ульяновск""-Тагай"	IV	0	0.766	0.766	0.766			
20.	9730718	73 220 ОП МЗ Н-018	Межмуниципальное	Майнский	" ""Саранск-Сурское-Ульяновск""-Сиуч"	V	0	4.2	4.2	1.6		2.6	
21.	9730719	73 220 ОП МЗ Н-019	Межмуниципальное	Майнский	" ""Саранск-Сурское-Ульяновск""-Стоговка""-Юшанское"	V	0	0.7	0.7	0.7			
22.	9730720	73 220 ОП МЗ Н-020	Межмуниципальное	Майнский	 Подъезд к с. Новочуфаровский 	IV	0	1.12	1.12	1.12			
23.	9730721	73 220 ОП МЗ Н-021	Межмуниципальное	Майнский	" ""Саранск-Сурское-Ульяновск""-Стоговка""-Безречный со съездом к с. Апалиха"	V	0	1.99	1.99	1.19		0.8	
24.	9730721	73 220 ОП МЗ Н-022	Межмуниципальное	Майнский	"""Майна-Новоанненковский-Сущевка""-Малое Жеребятниково"	IV	0	1.246	1.246	1.246			
25.	9730721	73 220 ОП МЗ Н-023	Межмуниципальное	Майнский	Репьевка Космынка-Кадышевка	IV	0	3.3	3.3	3.3			
Итого по Майнскому району									300.317	266.017	0	24.3	10
													
2.	3000240	73 ОП РЗ Р-240	Региональное	Мелекесский	 Алексеевское-Высокий Колок	III	95.4	118.5	23.1	23.1			
3.	4001163	73 ОП РЗ К-1163	Региональное	Мелекесский	 Димитровград-Узюково-Тольятти	III	0	33.585	33.585	33.585			
4.	9730801	73 222 ОП МЗ Н-002	Межмуниципальное	Мелекесский	 Димитровград-Чувашский Сускан	IV	0	47.215	47.215	47.215			
5.	9730802	73 222 ОП МЗ Н-003	Межмуниципальное	Мелекесский	" ""Димитровград-Чувашский Сускан""-Аллагулово"	IV	0	3.2	3.2	3.2			
6.	9730803	73 222 ОП МЗ Н-004	Межмуниципальное	Мелекесский	" ""Димитровград-Чувашский Сускан""-Приморское"	IV	0	5.715	5.715	5.715			
7.	9730804	73 222 ОП МЗ Н-005	Межмуниципальное	Мелекесский	" ""Димитровград-Чувашский Сускан""-Рязаново"	IV	0	3.176	3.176	3.176			
8.	9730805	73 222 ОП МЗ Н-006	Межмуниципальное	Мелекесский	" ""Димитровград-Чувашский Сускан""-Дивный (совхоз ""Правда"")"	IV	0	4.2	4.2	4.2			
9.	9730806	73 222 ОП МЗ Н-007	Межмуниципальное	Мелекесский	" ""Димитровград-Чувашский Сускан""-Александровка"	IV	0	3.2	3.2	3.2			
10.	9730807	73 222 ОП МЗ Н-008	Межмуниципальное	Мелекесский	" ""Димитровград-Узюково-Тольятти""-Верхний Мелекесс"	IV	0	1.1	1.1	1.1			
11.	9730808	73 222 ОП МЗ Н-009	Межмуниципальное	Мелекесский	" ""Димитровград-Узюково-Тольятти""-Мордово Озеро"	IV	0	6.2	6.2	6.2			
12.	9730809	73 222 ОП МЗ Н-010	Межмуниципальное	Мелекесский	 Еремкино-Березовка	IV	0	7.691	7.691	7.691			
13.	9730810	73 222 ОП МЗ Н-011	Межмуниципальное	Мелекесский	 Димитровград-Лесная Хмелевка-граница области	IV	1.5	42.684	41.184	41.184			
14.	9730811	73 222 ОП МЗ Н-012	Межмуниципальное	Мелекесский	 Димитровград-п. Дачный-Русский Мелекесс	IV	0	7.4	7.4	7.4			
15.	9730812	73 222 ОП МЗ Н-013	Межмуниципальное	Мелекесский	 Димитровград-Старая Сахча	IV	1.39	32.645	31.255	31.255			
16.	9730813	73 222 ОП МЗ Н-014	Межмуниципальное	Мелекесский	 Мулловка-Никольское	IV	0	27.498	27.498	27.498			
17.	9730814	73 222 ОП МЗ Н-015	Межмуниципальное	Мелекесский	" ""Мулловка-Никольское""-Ерыклинск"	IV	0	8.2	8.2	8.2			
18.	9730815	73 222 ОП МЗ Н-016	Межмуниципальное	Мелекесский	" ""Димитровград-Лесная Хмелевка""-Тинарка"	IV	0	3.8	3.8	3.8			
19.	9730816	73 222 ОП МЗ Н-017	Межмуниципальное	Мелекесский	" ""Алексеевское-Высокий Колок""-Аппаково"	IV	0	2	2	2			
20.	9730817	73 222 ОП МЗ Н-018	Межмуниципальное	Мелекесский	" ""Алексеевское-Высокий Колок""-Новая Сахча"	IV	0	3	3	3			
21.	9730818	73 222 ОП МЗ Н-019	Межмуниципальное	Мелекесский	" ""Ульяновск-Димитровград-Самара""-Малые Аврали"	IV	0	1.1	1.1	1.1			
22.	9730819	73 222 ОП МЗ Н-020	Межмуниципальное	Мелекесский	" ""Димитровград-Чувашский Сускан""-Воля"	IV	0	2	2	2			
23.	9730820	73 222 ОП МЗ Н-021	Межмуниципальное	Мелекесский	 Дивный-Дубравка-граница области	IV	0	12.54	12.54	12.54			
24.	9730821	73 222 ОП МЗ Н-022	Межмуниципальное	Мелекесский	" ""Дивный - Новоселки""- Вишенка"	IV	0	3.16	3.16	3.16			
25.	9730822	73 222 ОП МЗ Н-023	Межмуниципальное	Мелекесский	 Подъезд к с.Новая Бирля	IV	0	3	3	3			
26.	9730823	73 222 ОП МЗ Н-024	Межмуниципальное	Мелекесский	 Аврали-Сабакаево	IV	0	1.1	1.1	1.1			
27.	9732101	73 256 ОП МЗ Н-001	Межмуниципальное	Мелекесский	 Бряндино-Еремкино	IV	3.8	9.7	5.9	5.9			
28.		73 222 ОП МЗ Н-025	Межмуниципальное	Мелекесский	Дивный – Уткин –  Новосёлки		0	18.9	18.9	18.9			
29.		73 222 ОП МЗ Н-026	Межмуниципальное	Мелекесский	п. Новосёлки – п. Ковыльный		0	16.761	16.761	16.761			
30.		73 222 ОП МЗ Н-027	Межмуниципальное	Мелекесский	«Новосёлки –Ковыльный» – Просторы		0	9.847	9.847	9.847			
31.		73 222 ОП МЗ Н-028	Межмуниципальное	Мелекесский	«Ульяновск – Димитровград – Самара» – г. Димитровград		0	15.381	15.381	15.381			
Итого по Мелекесскому району									354.698	354.698	0	0	0
1.	4001434	73 ОП РЗ К-1434	Региональное	Николаевский	 Бестужевка-Барыш-Николаевка-Павловка-граница области	III	86.2	141.09	54.55	54.55			
2.	9730901	73 225 ОП МЗ Н-001	Межмуниципальное	Николаевский	 Славкино-Андреевка	IV	0	9	9	9			
3.	9730902	73 225 ОП МЗ Н-002	Межмуниципальное	Николаевский	" М-5 ""Урал""-Ахметлей"	IV	0	13.467	13.467	13.467			
4.	9730903	73 225 ОП МЗ Н-003	Межмуниципальное	Николаевский	" М-5 ""Урал""-Большой Чирклей"	IV	0	2	2	2			
5.	9730904	73 225 ОП МЗ Н-004	Межмуниципальное	Николаевский	" ""Бестужевка-Барыш-Николаевка-Павловка-граница области""-асфальтобетонный завод"	IV	0	1.5	1.5	1.5			
6.	9730906	74 225 ОП МЗ Н-005	Межмуниципальное	Николаевский	" М-5 ""Урал""-Канадей"	IV	0	3.126	3.126	3.126			
7.	9730907	73 225 ОП МЗ Н-006	Межмуниципальное	Николаевский	 Барановка-Телятниково	IV	0	7.3	7.3	7.3			
8.	9730908	73 225 ОП МЗ Н-007	Межмуниципальное	Николаевский	 Тепловка-Канасаево	IV	0	12	12			12	
9.	9730909	73 225 ОП МЗ Н-008	Межмуниципальное	Николаевский	" ""Бестужевка-Барыш-Николаевка-Павловка-граница области""-Топорнино"	IV	0	10.074	10.074	10.074			
10.	9730910	73 225 ОП МЗ Н-009	Межмуниципальное	Николаевский	" ""Бестужевка-Барыш-Николаевка-Павловка-граница области""-Поника"	IV	0	2.17	2.17	2.17			
11.	9730911	73 225 ОП МЗ Н-010	Межмуниципальное	Николаевский	" ""Бестужевка-Барыш-Николаевка-Павловка-граница области""-Давыдовка"	IV	0	0.9	0.9	0.9			
12.	9730912	73 225 ОП МЗ Н-011	Межмуниципальное	Николаевский	" ""Бестужевка-Барыш-Николаевка-Павловка-граница области""-Барановка"	IV	0	1.62	1.62	1.62			
13.	9730913	73 225 ОП МЗ Н-012	Межмуниципальное	Николаевский	 Барановка-Балдасево	IV	0	3.2	3.2	0.6		2.6	
14.	9730914	73 225 ОП МЗ Н-013	Межмуниципальное	Николаевский	" М-5 ""Урал""-Белокаменка"	IV	0	8.2	8.2	4		4.2	
15.	9730915	73 225 ОП МЗ Н-014	Межмуниципальное	Николаевский	" М-5 ""Урал""-Сухая Терешка"	IV	0	17.888	16.088	16.088			
16.	9730916	73 225 ОП МЗ Н-015	Межмуниципальное	Николаевский	" М-5 ""Урал""-Белое Озеро"	IV	0	14.13	14.13	14.13			
17.	9730917	73 225 ОП МЗ Н-016	Межмуниципальное	Николаевский	" ""Бестужевка-Барыш-Николаевка-Павловка-граница области""-Поспеловка-Эзекеево"	IV	0	6.519	6.519			6.519	
18.	9730918	73 225 ОП МЗ Н-017	Межмуниципальное	Николаевский	 Татарский Сайман-Тепловка	IV	0	25.129	25.129	9.06		15.29	0.779
19.	9730919	73 225 ОП МЗ Н-018	Межмуниципальное	Николаевский	 Прасковьино-Тепловка	IV	0	14.652	14.652	14.652			
20.	9730920	73 225 ОП МЗ Н-019	Межмуниципальное	Николаевский	" М-5 ""Урал""-Ахметлей""-Рызлей"	IV	0	2	2	0.8		1.2	
21.	9730921	73 225 ОП МЗ Н-020	Межмуниципальное	Николаевский	" М-5 ""Урал""-Белое Озеро""-Дубровка-Сосновка"	IV	0	7.6	7.6	2.475		5.125	
22.	9730922	73 225 ОП МЗ Н-021	Межмуниципальное	Николаевский	Николаевка – Фёдоровка	IV	0	1.614	1.614	1.614			
23.	9730923	73 225 ОП МЗ Н-022	Межмуниципальное	Николаевский	 Сухая Терешка-Русские Зимницы	IV	0	9.3	9.3			9.3	
24.	9731111	73 229 ОП МЗ Н-011	Межмуниципальное	Николаевский	" М-5 ""Урал""-Новая Лава"	IV	1.9	5.8	3.9	3.9			
25.	9731501	73 239 ОП МЗ Н-002	Межмуниципальное	Николаевский	 Старая Кулатка-Сухая Терешка	IV	27.764	32.701	4.937	4.937			
26.	9731501	73 225 ОП МЗ Н-023	Межмуниципальное	Николаевский	" М-5 ""Урал""-Сухая Терешка""-Дуровка"	V	0	2	2			2	
27.		73 225 ОП МЗ Н-024	Межмуниципальное	Николаевский	«Бестужевка –Барыш – Николаевка – Павловка» – р.п. Николаевка		0	2.844	2.844	2.844			
Итого по Николаевскому району									239.82	180.807	0	59.834	0.779
													
2.	3000240	73 ОП РЗ Р-240	Региональное	Новомалыклинский	 Алексеевское-Высокий Колок	III	118.5	148.664	30.164	30.164			
3.	4001436	73 ОП РЗ К-1436	Региональное	Новомалыклинский	" ""Ульяновск-Димитровград-Самара""-Новая Малыкла"	IV	0	7.159	7.159	7.159			
4.	9731001	73 227 ОП МЗ Н-001	Межмуниципальное	Новомалыклинский	" ""Ульяновск-Димитровград-Самара""-Средняя Якушка"	IV	0	1.124	1.124	1.124			
5.	9731002	73 227 ОП МЗ Н-002	Межмуниципальное	Новомалыклинский	" ""Ульяновск-Димитровград-Самара""-Верхняя Якушка"	IV	0	2.9	2.9	2.9			
6.	9731003	73 227 ОП МЗ Н-003	Межмуниципальное	Новомалыклинский	" ""Ульяновск-Димитровград-Самара""-Елховый Куст"	IV	0	6	6	6			
7.	9731004	73 227 ОП МЗ Н-004	Межмуниципальное	Новомалыклинский	" ""Ульяновск-Димитровград-Самара""-Абдреево"	IV	0	8.6	8.6	8.6			
8.	9731005	73 227 ОП МЗ Н-005	Межмуниципальное	Новомалыклинский	" ""Ульяновск-Димитровград-Самара""-Нижняя Якушка-Старая Малыкла"	IV	0	7.08	7.08	7.08			
9.	9731006	73 227 ОП МЗ Н-006	Межмуниципальное	Новомалыклинский	" ""Алексеевское-Высокий Колок""-Эчкаюн"	IV	0	3.9	3.9	3.9			
10.	9731007	73 227 ОП МЗ Н-007	Межмуниципальное	Новомалыклинский	" ""Алексеевское-Высокий Колок""-Новая Бесовка"	IV	0	2.5	2.5	2.5			
11.	9731008	73 227 ОП МЗ Н-008	Межмуниципальное	Новомалыклинский	" ""Алексеевское-Высокий Колок""-Старая Бесовка"	IV	0	1.5	1.5	1.5			
12.	9731009	73 227 ОП МЗ Н-009	Межмуниципальное	Новомалыклинский	" ""Алексеевское-Высокий Колок""-Новая Куликовка"	IV	0	1.4	1.4	1.4			
13.	9731010	73 227 ОП МЗ Н-010	Межмуниципальное	Новомалыклинский	 Новая Малыкла-Новочеремшанск	IV	0	27.319	27.319	27.319			
14.		73 227 ОП МЗ Н-011	Межмуниципальное	Новомалыклинский	«Алексеевское-Высокий Колок»-Старый Сантимир		0	4.54	4.54	4.54			
15.		73 222 ОП МЗ Н-028	Межмуниципальное	Новомалыклинский	«Ульяновск – Димитровград – Самара» – г. Димитровград		15.381	20.44	5.059	5.059			
Итого по Новомалыклинскому району									109.205	109.205	0	0	0
1.	4001427	73 ОП РЗ К-1427	Региональное	Новоспасский	 Солдатская Ташла-Кузоватово-Новоспасское-Радищево-Старая Кулатка-граница области	IV	100.37	139.72	39.35	39.35			
2.	9731101	73 229 ОП МЗ Н-001	Межмуниципальное	Новоспасский	" М-5 ""Урал""-Самайкино"	IV	0	14.91	14.91	14.91			
3.	9731102	73 229 ОП МЗ Н-002	Межмуниципальное	Новоспасский	 Новоспасское-Садовое	IV	0	4.988	4.988	4.988			
4.	9731103	73 229 ОП МЗ Н-003	Межмуниципальное	Новоспасский	" ""Солдатская Ташла-Кузоватово-Новоспасское-Радищево-Старая Кулатка-граница области""-Суруловка"	IV	0	6.8	6.8	6.8			
5.	9731104	73 229 ОП МЗ Н-004	Межмуниципальное	Новоспасский	" ""Солдатская Ташла-Кузоватово-Новоспасское-Радищево-Старая Кулатка-граница области""-ретранслятор"	IV	0	5.545	5.545	5.545			
6.	9731105	73 229 ОП МЗ Н-005	Межмуниципальное	Новоспасский	 Новоспасское-Марьевка	IV	0	28.87	28.87	14.559		14.311	
7.	9731106	73 229 ОП МЗ Н-006	Межмуниципальное	Новоспасский	" М-5 ""Урал""-Репьевка"	IV	0	11.005	11.005	11.005			
8.	9731107	73 229 ОП МЗ Н-007	Межмуниципальное	Новоспасский	 Красный-Васильевка	IV	0	8	8	8			
9.	9731108	73 229 ОП МЗ Н-008	Межмуниципальное	Новоспасский	 Красный-Бестужево	IV	0	10.1	10.1	10.1			
10.	9731109	73 229 ОП МЗ Н-009	Межмуниципальное	Новоспасский	" М-5 ""Урал""- станция Коптевка"	IV	0	1.973	1.973	1.973			
11.	9731110	73 229 ОП МЗ Н-010	Межмуниципальное	Новоспасский	"М-5 ""Урал""-комплекс колхоза ""Заветы Ильича"" (Коптевка)"	IV	0	3	3	3			
12.	9731111	73 229 ОП МЗ Н-011	Межмуниципальное	Новоспасский	" М-5 ""Урал""-Новая Лава"	IV	0	15.4	11.5	11.5			
13.	9731112	73 229 ОП МЗ Н-012	Межмуниципальное	Новоспасский	" ""Солдатская Ташла-Кузоватово-Новоспасское-Радищево-Старая Кулатка-граница области""-Комаровка"	IV	0	5.1	5.1	5.1			
14.	9731113	73 229 ОП МЗ Н-013	Межмуниципальное	Новоспасский	" М-5 ""Урал""-Алакаевка"	IV	0	11.6	11.6	11.6			
15.	9731114	73 229 ОП МЗ Н-014	Межмуниципальное	Новоспасский	" М-5 ""Урал""-Старое Томышево"	IV	0	2	2	2			
16.	9731115	73 229 ОП МЗ Н-015	Межмуниципальное	Новоспасский	 Самайкино-Однодворцы	IV	0	4.8	4.8	4.8			
17.	9731115	73 229 ОП МЗ Н-016	Межмуниципальное	Новоспасский	Алакаевка-Лобановка	V	0	2.833	2.833			2.833	
Итого по Новоспасскому району									172.374	155.23	0	17.144	0
1.	4001434	73 ОП РЗ К-1434	Региональное	Павловский	 Бестужевка-Барыш-Николаевка-Павловка-граница области	III	141.09	186.577	45.487	45.487			
2.	4001439	73 ОП РЗ К-1439	Региональное	Павловский	 Павловка-Старая Кулатка	IV	0	21.22	21.22	21.22			
3.	9731201	73 232 ОП МЗ Н-001	Межмуниципальное	Павловский	" ""Бестужевка-Барыш-Николаевка-Павловка-граница области""-Холстовка"	IV	0	1.787	1.787	1.787			
4.	9731202	73 232 ОП МЗ Н-002	Межмуниципальное	Павловский	" ""Бестужевка-Барыш-Николаевка-Павловка-граница области""-Октябрьское"	IV	0	1.6	1.6	1.6			
5.	9731203	73 232 ОП МЗ Н-003	Межмуниципальное	Павловский	" ""Бестужевка-Барыш-Николаевка-Павловка-граница области""-Кузнецк"	"IV (0-6,2)
V (6,2-9,235)"	0	9.255	9.255	6.2		3.055	
6.	9731204	73 232 ОП МЗ Н-004	Межмуниципальное	Павловский	" ""Бестужевка-Барыш-Николаевка-Павловка-граница области""-Шалкино"	IV	0	1	1			1	
7.	9731205	73 232 ОП МЗ Н-005	Межмуниципальное	Павловский	 Баклуши-Плетьма	IV	0	4.2	4.2	4.2			
8.	9731206	73 232 ОП МЗ Н-006	Межмуниципальное	Павловский	" ""Павловка-Старая Кулатка""-Гремучий"	IV	0	1.8	1.8	1.8			
9.	9731207	73 232 ОП МЗ Н-007	Межмуниципальное	Павловский	" ""Павловка-Старая Кулатка""-Шиковка"	IV	0	1.4	1.4	1.4			
10.	9731208	73 232 ОП МЗ Н-008	Межмуниципальное	Павловский	" ""Павловка-Старая Кулатка""-Шаховское-Красная Поляна"	IV	0	10.646	10.646	4.216		6.43	
11.	9731209	73 232 ОП МЗ Н-009	Межмуниципальное	Павловский	 Татарский Шмалак-Мордовский Шмалак	IV	0	4.7	4.7	4		0.7	
12.	9731210	73 232 ОП МЗ Н-010	Межмуниципальное	Павловский	 Павловка-Баклуши-Муратовка	IV	0	15.87	15.87	15.87			
13.	9731211	73 232 ОП МЗ Н-011	Межмуниципальное	Павловский	 Новая Камаевка-Старое Чирково	IV	0	17.127	17.127	17.127			
14.	9731212	73 232 ОП МЗ Н-012	Межмуниципальное	Павловский	Павловка – Евлейка	IV	0	9.204	9.204	9.204			
15.	9731213	73 232 ОП МЗ Н-013	Межмуниципальное	Павловский	" ""Новая Камаевка-Старое Чирково""-Старый Пичеур"	IV	0	1.157	1.157	1.157			
16.	9731214	73 232 ОП МЗ Н-014	Межмуниципальное	Павловский	" ""Новая Камаевка-Старое Чирково""-Лапаевка"	IV	0	2.7	2.7			2.7	
17.	9731215	73 232 ОП МЗ Н-015	Межмуниципальное	Павловский	" ""Новая Камаевка-Старое Чирково""-Новый Пичеур"	IV	0	1.4	1.4	1.4			
18.	9731216	73 232 ОП МЗ Н-016	Межмуниципальное	Павловский	" ""Новая Камаевка-Старое Чирково""-Камаевка"	IV	0	1.4	1.4	1.4			
19.	9731217	73 232 ОП МЗ Н-017	Межмуниципальное	Павловский	" ""Татарский Шмалак-Мордовский Шмалак""- Татарский Шмалак"	IV	0	0.3	0.3	0.3			
20.	9731218	73 232 ОП МЗ Н-018	Межмуниципальное	Павловский	 Баклуши-Плетьма-Сытинка	V	0	5.8	5.8	1		4.8	
Итого по Павловскому району									158.053	139.368	0	18.685	0
1.	4001427	73 ОП РЗ К-1427	Региональное	Радищевский	 Солдатская Ташла-Кузоватово-Новоспасское-Радищево-Старая Кулатка-граница области	IV	139.72	175.77	36.05	36.05			
2.	9730915	73 225 ОП МЗ Н-015	Межмуниципальное	Радищевский	" М-5 ""Урал""-Сухая Терешка"	IV	10.4	12.2	1.8	1.8			
3.	9731301	73 234 ОП МЗ Н-001	Межмуниципальное	Радищевский	 Нижняя Маза-Дмитриевка	IV	0	15.96	15.96	15.96			
4.	9731302	73 234 ОП МЗ Н-002	Межмуниципальное	Радищевский	 Радищево-Адоевщина	IV	0	9.24	9.24	9.24			
5.	9731305	73 234 ОП МЗ Н-003	Межмуниципальное	Радищевский	" ""Солдатская Ташла-Кузоватово-Новоспасское-Радищево-Старая Кулатка-граница области""-Радищево"	IV	0	3.12	3.12	3.12			
6.	9731307	73 234 ОП МЗ Н-004	Межмуниципальное	Радищевский	" ""Сызрань-Саратов-Волгоград""-Мордовская Карагужа"	IV	0	4.3	4.3	4.3			
7.	9731308	73 234 ОП МЗ Н-005	Межмуниципальное	Радищевский	" ""Мордовская Карагужа-Ореховка""-Володарский"	IV	0	4.6	4.6	4.6			
8.	9731309	73 234 ОП МЗ Н-006	Межмуниципальное	Радищевский	 Верхняя Маза-Средниково-Ореховка-ст. Рябина	IV	0	28.205	28.205	28.205			
9.	9731310	73 234 ОП МЗ Н-007	Межмуниципальное	Радищевский	 Радищево-Новая Дмитриевка-граница области	IV	0	17.7	17.7	8.3		9.4	
10.	9731311	73 234 ОП МЗ Н-008	Межмуниципальное	Радищевский	Ст. Рябина – Вязовка	IV	0	9.335	9.335	9.335			
11.	9731312	73 234 ОП МЗ Н-009	Межмуниципальное	Радищевский	" ""Верхняя Маза-Средниково-Ореховка-ст. Рябина""-Софьино"	IV	0	2.4	2.4	2.4			
12.	9731313	73 234 ОП МЗ Н-010	Межмуниципальное	Радищевский	 Калиновка-Паньшино	IV	0	10	10	6		4	
13.	9731314	73 234 ОП МЗ Н-011	Межмуниципальное	Радищевский	" ""Верхняя Маза-Средниково-Ореховка-ст. Рябина""-Волчанка"	IV	0	6.8	6.8	6.8			
14.	9731315	73 234 ОП МЗ Н-012	Межмуниципальное	Радищевский	" ""Сызрань-Саратов-Волгоград""-Володарский"	IV	0	1.7	1.7	1.7			
15.	9731316	73 234 ОП МЗ Н-013	Межмуниципальное	Радищевский	 Кубра-Калиновка	IV	0	2.158	2.158	2.158			
16.	9731317	73 234 ОП МЗ Н-014	Межмуниципальное	Радищевский	 Мордовская Карагужа-Ореховка	IV	0	14	14			14	
17.	9731318	73 234 ОП МЗ Н-015	Межмуниципальное	Радищевский	 Кубра-Вишневый	IV	0	4.3	4.3	4.3			
18.	9731320	73 239 ОП МЗ Н-001	Межмуниципальное	Радищевский	" ""Солдатская Ташла-Кузоватово-Новоспасское-Радищево-Старая Кулатка-граница области""-Старое Зеленое-Вязовый Гай"	IV	0	6.8	6.8	6.8			
19.	9731321	73 234 ОП МЗ Н-016	Межмуниципальное	Радищевский	" ""Солдатская Ташла-Кузоватово-Новоспасское-Радищево-Старая Кулатка-граница области""-Верхняя Маза"	V	0	2	2	2			
20.	9731505	73 234 ОП МЗ Н-017	Межмуниципальное	Радищевский	Дмитриевка-Гремячий	IV	0	5.78	5.78	5.78			
21.	9731505	73 239 ОП МЗ Н-006	Межмуниципальное	Радищевский	 Средняя Терешка-Кирюшкино-Адоевщина	IV	12.144	15.552	3.408	3.408			
22.		73 234 ОП МЗ Н-018	Межмуниципальное	Радищевский	Подъезд к р.п. Радищево		0	2.35	2.35	2.35			
Итого по Радищевскому району									192.006	164.606	0	27.4	0
1.	4001441	73 ОП РЗ К-1441	Региональное	Сенгилеевский	 Большие Ключищи-Сенгилей-Елаур-Молвино-Байдулино	III	10.405	82.67	72.265	72.265			
2.	9731401	73 236 ОП МЗ Н-001	Межмуниципальное	Сенгилеевский	 Елаур-Русская Бектяшка	IV	0	10.22	10.22	10.22			
3.	9731402	73 236 ОП МЗ Н-002	Межмуниципальное	Сенгилеевский	" ""Большие Ключищи-Сенгилей-Елаур-Молвино-Байдулино""-Алешкино-Вырыстайкино-Русская Бектяшка"	IV	0	18.385	18.385	18.385			
4.	9731403	73 236 ОП МЗ Н-003	Межмуниципальное	Сенгилеевский	 Русская Бектяшка-Бекетовка	IV	0	7.405	7.405	6.565		0.84	
5.	9731404	73 236 ОП МЗ Н-004	Межмуниципальное	Сенгилеевский	" ""Большие Ключищи-Сенгилей-Елаур-Молвино-Байдулино""-завод силикатных изделий"	IV	0	9.785	9.785	9.785			
6.	9731405	73 236 ОП МЗ Н-005	Межмуниципальное	Сенгилеевский	" ""Большие Ключищи-Сенгилей-Елаур-Молвино-Байдулино""-Екатериновка"	IV	0	3.9	3.9	3.9			
7.	9731406	73 236 ОП МЗ Н-006	Межмуниципальное	Сенгилеевский	" ""Большие Ключищи-Сенгилей-Елаур-Молвино-Байдулино""-Шиловка"	IV	0	9.736	9.736	9.736			
8.	9731407	73 236 ОП МЗ Н-007	Межмуниципальное	Сенгилеевский	" ""Большие Ключищи-Сенгилей-Елаур-Молвино-Байдулино""-Каранино"	IV	0	2	2	2			
9.	9731408	73 236 ОП МЗ Н-008	Межмуниципальное	Сенгилеевский	" ""Большие Ключищи-Сенгилей-Елаур-Молвино-Байдулино""-ДРСУ"	IV	0	0.5	0.5	0.5			
10.	9731409	73 236 ОП МЗ Н-009	Межмуниципальное	Сенгилеевский	" ""Большие Ключищи-Сенгилей-Елаур-Молвино-Байдулино""-Никольское"	IV	0	5.7	5.7	5.7			
11.	9731410	73 236 ОП МЗ Н-010	Межмуниципальное	Сенгилеевский	 Сенгилей-Индом	IV	0	7.65	7.65	7.65			
12.	9731411	73 236 ОП МЗ Н-011	Межмуниципальное	Сенгилеевский	 Тушна-Артюшкино	IV	0	10.4	10.4	10.4			
13.	9731412	73 252 ОП МЗ Н-001	Межмуниципальное	Сенгилеевский	 Потапиха-Криуши	IV	0	3.9	3.9	3.9			
14.	9731413	73 236 ОП МЗ Н-012	Межмуниципальное	Сенгилеевский	" ""Русская Бектяшка-Бекетовка""-Мордовская Бектяшка"	IV	0	4.175	4.175	4.175			
15.	9731414	73 236 ОП МЗ Н-013	Межмуниципальное	Сенгилеевский	 Мордовская Бектяшка-граница области	IV	0	3.14	3.14			3.14	
16.	9731415	73 236 ОП МЗ Н-014	Межмуниципальное	Сенгилеевский	 Артюшкино-Кучуры	IV	0	2	2	2			
17.	9731416	73 236 ОП МЗ Н-015	Межмуниципальное	Сенгилеевский	 Подъезд к Сенгилеевскому цемзаводу	IV	0	6.28	6.28	6.28			
18.		73 236 ОП МЗ Н-016	Межмуниципальное	Сенгилеевский	Силикатный –Кучуры		0	5.146	5.146	1.357			3.789
Итого по Сенгилеевскому району									182.587	174.818	0	3.98	3.789
1.	4001427	73 ОП РЗ К-1427	Региональное	Старокулаткинский	 Солдатская Ташла-Кузоватово-Новоспасское-Радищево-Старая Кулатка-граница области	IV	175.77	201.966	26.196	26.196			
2.	4001439	73 ОП РЗ К-1439	Региональное	Старокулаткинский	 Павловка-Старая Кулатка	IV	21.22	43.374	22.154	22.154			
3.	9731320	73 239 ОП МЗ Н-001	Межмуниципальное	Старокулаткинский	" ""Солдатская Ташла-Кузоватово-Новоспасское-Радищево-Старая Кулатка-граница области""-Старое Зеленое-Вязовый Гай"	IV	6.8	26	19.2	19.2			
4.	9731501	73 239 ОП МЗ Н-002	Межмуниципальное	Старокулаткинский	 Старая Кулатка-Сухая Терешка	IV	0	27.764	26.281	26.281			
5.	9731502	73 239 ОП МЗ Н-003	Межмуниципальное	Старокулаткинский	 Старая Кулатка-Бахтеевка	IV	0	12.7	12.7	12.7			
6.	9731503	73 239 ОП МЗ Н-004	Межмуниципальное	Старокулаткинский	 Старая Кулатка-Новые Зимницы	IV	0	5	5	5			
7.	9731504	73 239 ОП МЗ Н-005	Межмуниципальное	Старокулаткинский	 Средняя Терешка-Верхняя Терешка	IV	0	10.1	10.1	10.1			
8.	9731505	73 239 ОП МЗ Н-006	Межмуниципальное	Старокулаткинский	 Средняя Терешка-Кирюшкино-Адоевщина	IV	0	12.144	12.144	12.144			
9.		74 239 ОП МЗ Н-007	Межмуниципальное	Старокулаткинский	Старый Атлаш - Мосеевка	"IV (0-2,1)
V (2,1-7,3)"	0	7.3	7.3			2.1	5.2
10.	9731507	73 239 ОП МЗ Н-008	Межмуниципальное	Старокулаткинский	" ""Павловка-Старая Кулатка""-Новый Мостяк"	IV	0	1.4	1.4	1.4			
11.	9731508	73 239 ОП МЗ Н-009	Межмуниципальное	Старокулаткинский	 Старый Мостяк-Мосеевка	IV	0	10.1	10.1	10.1			
12.	9731509	73 239 ОП МЗ Н-010	Межмуниципальное	Старокулаткинский	 Новый Мостяк-Старый Атлаш	IV	0	12.74	12.74	12.74			
13.	9731510	73 239 ОП МЗ Н-011	Межмуниципальное	Старокулаткинский	 Старое Зеленое-Новое Зеленое	IV	0	7.8	7.8	7.8			
14.	9731511	73 239 ОП МЗ Н-012	Межмуниципальное	Старокулаткинский	" ""Старая Кулатка-Бахтеевка""-аэропорт"	IV	0	1	1	1			
15.	9731513	73 239 ОП МЗ Н-013	Межмуниципальное	Старокулаткинский	 Старая Яндовка-Кармалей-Старый Атлаш	"IV (0-13,0)
V (13,0-14,6)"	0	14.6	14.6	7.8		5.2	1.6
16.	9731514	73 239 ОП МЗ Н-014	Межмуниципальное	Старокулаткинский	" ""Солдатская Ташла-Кузоватово-Новоспасское-Радищево-Старая Кулатка-граница области-Старое Зеленое-Вязовый Гай""-Зарыклей"	IV	0	2.2	2.2	2.2			
17.	9731516	73 239 ОП МЗ Н-015	Межмуниципальное	Старокулаткинский	 Обход р.п. Старая Кулатка	IV	0	5.498	5.498	5.498			
18.	9731517	73 239 ОП МЗ Н-016	Межмуниципальное	Старокулаткинский	" ""Солдатская Ташла-Кузоватово-Новоспасское-Радищево-Старая Кулатка-граница области""-Кольцовка "	IV	0	1	1			1	
19.	9731518	73 239 ОП МЗ Н-017	Межмуниципальное	Старокулаткинский	" ""Павловка-Старая Кулатка""-Старый Мостяк "	IV	0	1.44	1.44	1.44			
20.	9731519	73 239 ОП МЗ Н-018	Межмуниципальное	Старокулаткинский	 Подъезд к с. Усть-Кулатка 	IV	0	1.8	1.8	1.8			
21.	9731520	73 239 ОП МЗ Н-019	Межмуниципальное	Старокулаткинский	" ""Старая Кулатка-Сухая Терешка""-Новая Терешка"	IV	0	2	2	2			
22.	9731521	73 239 ОП МЗ Н-020	Межмуниципальное	Старокулаткинский	 Подъезд к с. Кирюшкино	IV	0	1.58	1.58	1.58			
23.	9731522	73 239 ОП МЗ Н-021	Межмуниципальное	Старокулаткинский	 Подъезд к с. Новая Терешка	IV	0	1.8	1.8	1.8			
24.	9731522	73 239 ОП МЗ Н-022	Межмуниципальное	Старокулаткинский	Подъезд к с. Старый Атлаш	V	0	2.2	2.2	2.2			
25.		73 239 ОП МЗ Н-023	Межмуниципальное	Старокулаткинский	Подъезд в с. Новые Зимницы		0	0.889	0.889	0.889			
Итого по Старокулаткинскому району									209.12	194.02	0	8.3	6.8
1.	4001428	73 ОП РЗ К-1428	Региональное	Старомайнский	" ""Ульяновск-Димитровград-Самара""-Старая Майна-Матвеевка-граница области"	"III (35,0-68,0)
IV (11,6-35,0)
    (68,0-71,997)"	11.6	71.997	60.397	60.397			
2.	9731601	73 242 ОП МЗ Н-001	Межмуниципальное	Старомайнский	 Красная Река-Большая Кандала-Старое Рождествено	IV	0	31.72	31.72	15.87	15.85		
3.	9731602	73 242 ОП МЗ Н-002	Межмуниципальное	Старомайнский	 Прибрежное-Восход	IV	0	2.8	2.8	2.8			
4.	9731603	73 242 ОП МЗ Н-003	Межмуниципальное	Старомайнский	" ""Ульяновск-Димитровград-Самара""-Старая Майна-Матвеевка-граница области""-Дмитриево-Помряскино"	IV	0	0.5	0.5	0.5			
5.	9731604	73 242 ОП МЗ Н-004	Межмуниципальное	Старомайнский	" ""Ульяновск-Димитровград-Самара""-Старая Майна-Матвеевка-граница области""-Кременские Выселки"	IV	0	0.9	0.9			0.9	
6.	9731605	73 242 ОП МЗ Н-005	Межмуниципальное	Старомайнский	" ""Ульяновск-Димитровград-Самара""-Старая Майна-Матвеевка-граница области""-Кременки"	IV	0	3.7	3.7	3.7			
7.	9731606	73 242 ОП МЗ Н-006	Межмуниципальное	Старомайнский	" ""Ульяновск-Димитровград-Самара""-Старая Майна-Матвеевка-граница области""-Прибрежное"	IV	0	1.18	1.18	1.18			
8.	9731607	73 242 ОП МЗ Н-007	Межмуниципальное	Старомайнский	" ""Ульяновск-Димитровград-Самара""-Старая Майна-Матвеевка-граница области""-птицефабрика ""Прибрежная"""	IV	0	0.4	0.4	0.4			
9.	9731608	73 242 ОП МЗ Н-008	Межмуниципальное	Старомайнский	" ""Ульяновск-Димитровград-Самара""-Старая Майна-Матвеевка-граница области""-Айбаши"	IV	0	2.7	2.7	2.7			
10.	9731609	73 242 ОП МЗ Н-009	Межмуниципальное	Старомайнский	" ""Большая Кандала-Малая Кандала-Бряндино""-Ертуганово"	IV	0	0.9	0.9	0.9			
11.	9731610	73 242 ОП МЗ Н-010	Межмуниципальное	Старомайнский	" ""Красная Река-Большая Кандала-Старое Рождествено""-Лесное Никольское"	IV	0	1	1	1			
12.	9731611	73 242 ОП МЗ Н-011	Межмуниципальное	Старомайнский	" ""Матвеевка-Базарно- Мордовский Юрткуль""-Русский Юрткуль"	IV	0	1.1	1.1	1.1			
13.	9731612	73 242 ОП МЗ Н-012	Межмуниципальное	Старомайнский	 Матвеевка-Базарно- Мордовский Юрткуль	IV	0	18.4	18.4	18.4			
14.	9731613	73 242 ОП МЗ Н-013	Межмуниципальное	Старомайнский	 Аристовка-Волостниковка	IV	0	8.645	8.645	8	0.645		
15.	9731614	73 242 ОП МЗ Н-014	Межмуниципальное	Старомайнский	 Матвеевка-Грибовка	IV	0	5.738	5.738	5.738			
16.	9731615	73 242 ОП МЗ Н-015	Межмуниципальное	Старомайнский	 Большая Кандала-Малая Кандала-Бряндино	IV	0	14.94	14.94	14.94			
17.	9731616	73 242 ОП МЗ Н-016	Межмуниципальное	Старомайнский	 Красная Река-Новиковка-Бряндино	IV	0	29.915	29.915	29.915			
18.	9731617	73 242 ОП МЗ Н-017	Межмуниципальное	Старомайнский	"""Ульяновск-Димитровград-Самара""-Старая Майна-Матвеевка-граница области""-Садовка"	V	0	2.9	2.9			2.9	
19.	9731618	73 242 ОП МЗ Н-018	Межмуниципальное	Старомайнский	 Арчиловка-Волжское	V	0	9.7	9.7			9.7	
20.	9732105	73 256 ОП МЗ Н-005	Межмуниципальное	Старомайнский	 Чердаклы-Бряндино	IV	25.3	28	2.7	2.7			
21.	9732105	73 242 ОП МЗ Н-019	Межмуниципальное	Старомайнский	"""Ульяновск-Димитровград-Самара""-Старая Майна-Матвеевка-граница области""-Кокрять"	IV	0	1.935	1.935	1.935			
22.		73 242 ОП МЗ Н-020	Межмуниципальное	Старомайнский	Волостниковка – Берёзовка		0	6.803	6.803				6.803
Итого по Старомайнскому району									208.973	172.175	16.495	13.5	0
1.	3000231	73 ОП РЗ Р-231	Региональное	Сурский	" ""Сурское-Шумерля""-автомобильная дорога ""Москва-Казань"""	"II (0-8,5)
IV (8,5-33,48)"	0	33.48	33.48	33.48			
2.	4001442	73 244 ОП МЗ Н-001	Межмуниципальное	Сурский	 Усть-Урень-Астрадамовка-Шатрашаны	IV	8.1	39.756	31.656	31.656			
3.	9731715	73 244 ОП МЗ Н-002	Межмуниципальное	Сурский	" ""Сурское-Шумерля""-автомобильная дорога ""Москва-Казань""-Сурское"	III	0	2.09	2.09	2.09			
4.	9730516	73 244 ОП МЗ Н-003	Межмуниципальное	Сурский	" ""Усть-Урень-Астрадамовка-Шатрашаны""-Кезьмино"	IV	5.4	10.3	4.9	4.9			
5.	9731701	73 244 ОП МЗ Н-004	Межмуниципальное	Сурский	" ""Сурское-Сара-Елховка""-Сара"	IV	0	1.67	1.67	1.67			
6.	9731702	73 244 ОП МЗ Н-005	Межмуниципальное	Сурский	 Хмелевка-Шеевщино	IV	0	4.1	4.1	4.1			
7.	9731703	73 244 ОП МЗ Н-006	Межмуниципальное	Сурский	 Астрадамовка-Большой Кувай	IV	0	10.7	10.7	10.7			
8.	9731704	73 244 ОП МЗ Н-007	Межмуниципальное	Сурский	 Сурское-Кирзять	IV	0	6.6	6.6	6.6			
9.	9731705	73 244 ОП МЗ Н-008	Межмуниципальное	Сурский	" Подъезд к центральной усадьбе совхоза ""Сурский"""	IV	0	0.9	0.9	0.9			
10.	9731706	73 244 ОП МЗ Н-009	Межмуниципальное	Сурский	 Белый Ключ-Никитино	IV	0	18.926	18.926	14.851		4.075	
11.	9731707	73 244 ОП МЗ Н-010	Межмуниципальное	Сурский	 Сурское-Сара-Елховка	IV	0	30.03	30.03	30.03			
12.	9731708	73 244 ОП МЗ Н-011	Межмуниципальное	Сурский	 Аркаево-Утесовка	V	0	6.6	6.6			6.6	
13.	9731709	73 244 ОП МЗ Н-012	Межмуниципальное	Сурский	" ""Саранск-Сурское-Ульяновск""-Белый Ключ"	IV	0	1.5	1.5	1.5			
14.	9731710	73 244 ОП МЗ Н-013	Межмуниципальное	Сурский	 Никитино-Выползово	IV	0	2.4	2.4	2.4			
15.	9731711	73 244 ОП МЗ Н-014	Межмуниципальное	Сурский	 Княжуха-Араповка	IV	0	6.8	6.8	6.8			
16.	9731712	73 244 ОП МЗ Н-015	Межмуниципальное	Сурский	 Аркаево-Паркино	IV	0	11.594	11.594	11.594			
17.	9731713	73 244 ОП МЗ Н-016	Межмуниципальное	Сурский	 Кезьмино-Ружеевщино	IV	0	3.7	3.7	3.7			
18.	9731714	73 244 ОП МЗ Н-017	Межмуниципальное	Сурский	 Ждамирово-Зимницы	V	0	7.1	7.1	7.1			
19.	9731717	73 244 ОП МЗ Н-018	Межмуниципальное	Сурский	 Княжуха-Барашево	V	0	6.3	6.3			6.3	
20.	9731718	73 244 ОП МЗ Н-019	Межмуниципальное	Сурский	" ""Усть-Урень-Астрадамовка-Шатрашаны""-Неплёвка"	V	0	1.2	1.2	1.2			
21.	9731719	73 244 ОП МЗ Н-020	Межмуниципальное	Сурский	 Араповка-Цыповка	V	0	3.8	3.8			3.8	
22.	9731720	73 244 ОП МЗ Н-021	Межмуниципальное	Сурский	Подъезд к с.Елховка	IV	0	0.65	0.65	0.65			
23.	9731721	73 244 ОП МЗ Н-022	Межмуниципальное	Сурский	Кезьмино-Красная Якла	V	0	3.739	3.739			3.739	
24.		73 244 ОП МЗ Н-023	Межмуниципальное	Сурский	«Никитино-Выползово»-Кивать		0	3.555	3.555	3.555			
25.		73 244 ОП МЗ Н-024	Межмуниципальное	Сурский	«Шатрашаны-Атяшкино»		0	5.8463	5.8463				5.8463
26.		73 244 ОП МЗ Н-025	Межмуниципальное	Сурский	Шатрашаны ­– граница области		0	1.691	1.691	1.691			
27.		73 244 ОП МЗ Н-026	Межмуниципальное	Сурский	с. Астрадамовка –д. Лебедевка		0	2	2	2			
28.		73 244 ОП МЗ Н-027	Межмуниципальное	Сурский	д. Лебедевка – с. Утесовка		0	3.4	3.4				3.4
29.		73 244 ОП МЗ Н-028	Межмуниципальное	Сурский	«Княжуха – Араповка» – с. Ольховка		0	1.9	1.9	1			0.9
Итого по Сурскому району									218.8273	184.167	0	24.514	10.1463
1.	4001427	73 ОП РЗ К-1427	Региональное	Тереньгульский	 Солдатская Ташла-Кузоватово-Новоспасское-Радищево-Старая Кулатка-граница области	III	0	10.4	10.4	10.4			
2.	4001441	73 ОП РЗ К-1441	Региональное	Тереньгульский	 Большие Ключищи-Сенгилей-Елаур-Молвино-Байдулино	III	82.67	94.736	12.066	12.066			
3.	9731801	73 248 ОП МЗ Н-001	Межмуниципальное	Тереньгульский	 Тереньга-Языково	IV	0	8.63	8.63	7.35		1.28	
4.	9731802	73 248 ОП МЗ Н-002	Межмуниципальное	Тереньгульский	 Тереньга-Гладчиха-Сосновка	"IV 
"	0	17.948	17.948	12.068		5.88	
5.	9731803	73 248 ОП МЗ Н-003	Межмуниципальное	Тереньгульский	 Гавриловка-Белогорск-Большая Борла	IV	0	23.272	23.272	23.272			
6.	9731804	73 248 ОП МЗ Н-004	Межмуниципальное	Тереньгульский	 Елшанка-Алешкино-Большая Борла	IV 	0	13.4	13.4	9.2		4.2	
7.	9731805	73 248 ОП МЗ Н-005	Межмуниципальное	Тереньгульский	 Тереньга-Старая Ерыкла	IV	0	32.803	32.803	32.803			
8.	9731806	73 248 ОП МЗ Н-006	Межмуниципальное	Тереньгульский	 Ясашная Ташла-силикатный завод	IV	0	6.1	6.1	1			5.1
9.	9731807	73 248 ОП МЗ Н-007	Межмуниципальное	Тереньгульский	"Подъезд к городу Ульяновску от автомобильной дороги        М-5 ""Урал""-Солдатская Ташла"	IV	0	1.635	1.635	1.635			
10.	9731808	73 248 ОП МЗ Н-008	Межмуниципальное	Тереньгульский	"Подъезд к городу Ульяновску от автомобильной дороги         М-5 ""Урал""-Подкуровка"	IV	0	0.984	0.984	0.984			
11.	9731809	73 248 ОП МЗ Н-009	Межмуниципальное	Тереньгульский	"Подъезд к городу Ульяновску от автомобильной дороги           М-5 ""Урал""-Ясашная Ташла"	IV	0	1.022	1.022	1.022			
12.	9731810	73 248 ОП МЗ Н-010	Межмуниципальное	Тереньгульский	" Подъезд к городу Ульяновску от автомобильной дороги                М-5 ""Урал""-Федькино"	IV	0	2.5	2.5	2.5			
13.	9731811	73 248 ОП МЗ Н-011	Межмуниципальное	Тереньгульский	 Красноборск-Зеленец	IV	0	6.9	6.9	6.9			
14.	9731812	73 248 ОП МЗ Н-012	Межмуниципальное	Тереньгульский	 Михайловка-Калиновка	IV	0	3.8	3.8	3.8			
15.	9731813	73 248 ОП МЗ Н-013	Межмуниципальное	Тереньгульский	 Ясашная Ташла-Риновка	IV	0	12.57	12.57	6.57		6	
16.	9731814	73 248 ОП МЗ Н-014	Межмуниципальное	Тереньгульский	 Подъезд к Молвинской нефтебазе	IV	0	0.8	0.8	0.8			
17.	9731815	73 248 ОП МЗ Н-015	Межмуниципальное	Тереньгульский	 Красноборск-Новая Ерыкла	IV	0	5.84	5.84	0.84		5	
18.	9731816	73 248 ОП МЗ Н-016	Межмуниципальное	Тереньгульский	 Скугареевка-Подкуровка	IV	0	2.849	2.849	2.849			
19.	9731817	73 248 ОП МЗ Н-017	Межмуниципальное	Тереньгульский	 Подкуровка-Ясашная Ташла	IV	0	3.299	3.299	3.299			
20.	9731819	73 248 ОП МЗ Н-018	Межмуниципальное	Тереньгульский	 Михайловка-Скрипино	V	0	2.5	2.5	2.5			
21.	9731820	73 248 ОП МЗ Н-019	Межмуниципальное	Тереньгульский	 Подкуровка-Суровка	IV	0	11.7	11.7	11.7			
22.	9731914	73 252 ОП МЗ Н-010	Межмуниципальное	Тереньгульский	"Подъезд к городу Ульяновску от автомобильной дороги           М-5 ""Урал""-Елшанка"	IV	1	4.92	3.92	3.92			
22.		73 248 ОП МЗ Н-020	Межмуниципальное	Тереньгульский	«Подкуровка –Ясашная Ташла» – «Ясашня Ташла – силикатный завод»		0	4	4	4			
Итого по Тереньгульскому району									188.938	161.478	0	22.36	5.1
1.	4000151	73 ОП РЗ К-0151	Региональное	Ульяновский	"Подъезд к городу Ульяновску от автомобильной дороги              М-5 ""Урал""-Новоульяновск"	II	0	8	8	8			
2.	4001435	73 ОП РЗ К-1435	Региональное	Ульяновский	" ""Казань-Буинск-Ульяновск""-Ишеевка-Ундоры-граница области"	III	0	36	36	36			
3.	4001435	73 ОП РЗ К-1435	Региональное	Ульяновский	" Подъезд к санаторию им. Ленина от автомобильной дороги ""Казань-Буинск-Ульяновск""-Ишеевка-Ундоры-граница области"	III	0	3.11	3.11	3.11			
4.	4001441	73 ОП РЗ К-1441	Региональное	Ульяновский	 Большие Ключищи-Сенгилей-Елаур-Молвино-Байдулино	"II (0-7,159)
III (7,159-10,405)"	0	10.405	10.405	10.405			
5.	9731412	73 252 ОП МЗ Н-001	Межмуниципальное	Ульяновский	 Потапиха-Криуши	IV	3.9	7.842	3.942	3.942			
6.	9731901	73 252 ОП МЗ Н-002	Межмуниципальное	Ульяновский	" ""Цивильск-Ульяновск""-рзд. Лаишевский-""Казань-Буинск-Ульяновск"""	IV	0	2.749	2.749	2.749			
7.	9731903	73 252 ОП МЗ Н-003	Межмуниципальное	Ульяновский	" ""Казань-Буинск-Ульяновск-Ишеевка-Ундоры-граница области""-Вышки"	IV	0	1	1	1			
8.	9731904	73 252 ОП МЗ Н-004	Межмуниципальное	Ульяновский	" ""Казань-Буинск-Ульяновск-Ишеевка-Ундоры-граница области""-Комаровка"	IV	0	2.5	2.5	2.5			
9.	9731905	73 252 ОП МЗ Н-005	Межмуниципальное	Ульяновский	" ""Казань-Буинск-Ульяновск-Ишеевка-Ундоры-граница области""-санаторий ""Дубки"""	IV	0	4.097	4.097	4.097			
10.	9731906	73 252 ОП МЗ Н-006	Межмуниципальное	Ульяновский	" ""Казань-Буинск-Ульяновск-Ишеевка-Ундоры-граница области""-Крутояр"	IV	0	0.6	0.6	0.6			
11.	9731907	73 252 ОП МЗ Н-007	Межмуниципальное	Ульяновский	" ""Казань-Буинск-Ульяновск-Ишеевка-Ундоры-граница области""-Русская Беденьга"	IV	0	4	4	4			
12.	9731909	73 252 ОП МЗ Н-008	Межмуниципальное	Ульяновский	" ""Казань-Буинск-Ульяновск-Ишеевка-Ундоры-граница области""-Полдомасово-Максимовка"	IV	0	5.904	5.904	5.904			
13.	9731913	73 252 ОП МЗ Н-009	Межмуниципальное	Ульяновский	"Подъезд к городу Ульяновску от автомобильной дороги              М-5 ""Урал""-Большие Ключищи"	IV	0	2	2	2			
14.	9731914	73 252 ОП МЗ Н-010	Межмуниципальное	Ульяновский	"Подъезд к городу Ульяновску от автомобильной дороги           М-5 ""Урал""-Елшанка"	IV	0	8.52	4.6	4.6			
15.	9731915	73 252 ОП МЗ Н-011	Межмуниципальное	Ульяновский	"""Цивильск-Ульяновск""-Ульяновский научно-исследовательский институт сельского хозяйства"	IV	0	1.272	1.272	1.272			
16.	9731916	73 252 ОП МЗ Н-012	Межмуниципальное	Ульяновский	" ""Цивильск-Ульяновск""-Новый Урень"	IV	0	2	2	2			
17.	9731917	73 252 ОП МЗ Н-013	Межмуниципальное	Ульяновский	" ""Цивильск-Ульяновск""-Михайловка"	IV	0	5.4	5.4	5.4			
18.	9731920	73 252 ОП МЗ Н-014	Межмуниципальное	Ульяновский	" ""Саранск-Сурское-Ульяновск""-Елизаветино"	IV	0	3.4	3.4	3.4			
19.	9731922	73 252 ОП МЗ Н-015	Межмуниципальное	Ульяновский	 Ишеевка-Сланцевый Рудник	IV	0	5.847	5.847	5.847			
20.	9731923	73 252 ОП МЗ Н-016	Межмуниципальное	Ульяновский	 Новоульяновск-Липки	IV	0	4.9	4.9	4.9			
21.	9731924	73 252 ОП МЗ Н-017	Межмуниципальное	Ульяновский	 Полдомасово-Салмановка	IV	0	0.7	0.7	0.7			
22.	9731925	73 252 ОП МЗ Н-018	Межмуниципальное	Ульяновский	" ""Саранск-Сурское-Ульяновск""-Зелёная Роща"	III	0	17.379	17.379	17.379			
23.	9731926	73 252 ОП МЗ Н-019	Межмуниципальное	Ульяновский	" ""Саранск-Сурское-Ульяновск""-Тетюшское-Загудаевка"	IV	0	9.737	9.737	2.187		7.55	
24.	9731927	73 252 ОП МЗ Н-020	Межмуниципальное	Ульяновский	 Станция Охотничья-Бухтеевка	IV	0	3.9	3.9	2.1		1.8	
25.	9731928	73 252 ОП МЗ Н-021	Межмуниципальное	Ульяновский	 Станция Охотничья-Ивановский детский дом	IV	0	1.825	1.825	1.825			
26.	9731930	73 252 ОП МЗ Н-022	Межмуниципальное	Ульяновский	" ""Цивильск-Ульяновск""-Бирючевка-Загудаевка"	IV	0	18.757	18.757	18.757			
27.	9731932	73 252 ОП МЗ Н-023	Межмуниципальное	Ульяновский	 Тетюшское-Волостниковка	IV	0	10.1	10.1	10.1			
28.	9731933	73 252 ОП МЗ Н-024	Межмуниципальное	Ульяновский	" ""Саранск-Сурское-Ульяновск""- п. им. М.Горького"	IV	0	0.9	0.9	0.9			
29.	9731934	73 252 ОП МЗ Н-025	Межмуниципальное	Ульяновский	 Подъезд к п. Дубровка	IV	0	1.9	1.9	1.9			
30.	9731936	73 252 ОП МЗ Н-026	Межмуниципальное	Ульяновский	 Подъезд к с.Ломы	IV	0	1.73	1.73	1.73			
31.	9731938	73 252 ОП МЗ Н-027	Межмуниципальное	Ульяновский	 Подъезд к с.Елшанка	IV	0	1.5	1.5	1.5			
32.	9732007	73 254 ОП МЗ Н-008	Межмуниципальное	Ульяновский	 Цильна-Красное Сюндюково	V	2.7	5.4	2.7				2.7
33.	9731939	73 252 ОП МЗ Н-028	Межмуниципальное	Ульяновский	"""Саранск-Сурское-Ульяновск""-Арское"	IV	0	0.967	0.967	0.967			
34.		73 252 ОП МЗ Н-029	Межмуниципальное	Ульяновский	р.п. Ишеевка-д. Салмановка		0	3.458	3.458	3.458			
Итого по Ульяновскому району									187.279	175.229	0	9.35	2.7
1.	4001429	73 ОП РЗ К-1429	Региональное	Цильнинский	 Цильна-Большое Нагаткино-Новоникулино-Тагай-Майна-Игнатовка-Чертановка	"III (0-17,0)
IV (17,0-58,5)"	0	58.5	56.233	56.233			
2.	9732025	73 254 ОП МЗ Н-001	Межмуниципальное	Цильнинский	 Подъезд к с.Норовка	IV	0	1.8	1.8	1.8			
3.	9730711	73 220 ОП МЗ Н-011	Межмуниципальное	Цильнинский	 Старое Никулино-Новые Маклауши-Чирикеево	IV	0	3.9	3.9	3.9			
4.	9732001	73 254 ОП МЗ Н-002	Межмуниципальное	Цильнинский	 Репьевка-Русская Цильна	IV	0	21.43	21.43	21.43			
5.	9732002	73 254 ОП МЗ Н-003	Межмуниципальное	Цильнинский	" ""Казань-Буинск-Ульяновск""-Кундюковка"	IV	0	2.2	2.2	2.2			
6.	9732003	73 254 ОП МЗ Н-004	Межмуниципальное	Цильнинский	" ""Казань-Буинск-Ульяновск""-Елховое Озеро"	IV	0	4.51	4.51	4.51			
7.	9732004	73 254 ОП МЗ Н-005	Межмуниципальное	Цильнинский	" ""Казань-Буинск-Ульяновск""-Цильнинская нефтебаза"	IV	0	1.2	1.2	1.2			
8.	9732005	73 254 ОП МЗ Н-006	Межмуниципальное	Цильнинский	" ""Казань-Буинск-Ульяновск""-Телешовка"	IV	0	0.8	0.8	0.8			
9.	9732006	73 254 ОП МЗ Н-007	Межмуниципальное	Цильнинский	" ""Казань-Буинск-Ульяновск""-Арбузовка"	IV	0	3.6	3.6	3.6			
10.	9732007	73 254 ОП МЗ Н-008	Межмуниципальное	Цильнинский	 Цильна-Красное Сюндюково	IV	0	2.7	2.7				2.7
11.	9732007	74 254 ОП МЗ Н-009	Межмуниципальное	Цильнинский	Мокрая Бугурна – Новое Ирикеево	IV	0	2.5	2.5	2.165			0.335
12.	9732009	73 254 ОП МЗ Н-010	Межмуниципальное	Цильнинский	 Большое Нагаткино-Норовка	IV	0	3.2	3.2	3.2			
13.	9732010	73 254 ОП МЗ Н-011	Межмуниципальное	Цильнинский	" ""Цивильск-Ульяновск""-Новые Алгаши"	IV	0	0.6	0.6	0.6			
14.	9732011	73 254 ОП МЗ Н-012	Межмуниципальное	Цильнинский	" ""Цивильск-Ульяновск""-Средние Алгаши"	IV	0	0.9	0.9	0.9			
15.	9732012	73 254 ОП МЗ Н-013	Межмуниципальное	Цильнинский	" ""Цивильск-Ульяновск""-Богдашкино"	IV	0	9.325	9.325	9.325			
16.	9732013	73 254 ОП МЗ Н-014	Межмуниципальное	Цильнинский	" ""Цивильск-Ульяновск""-Крестниково"	IV	0	1.4	1.4	1.4			
17.	9732014	73 254 ОП МЗ Н-015	Межмуниципальное	Цильнинский	" ""Цивильск-Ульяновск""-Верхние Тимерсяны"	IV	0	18.655	18.655	18.655			
18.	9732015	73 254 ОП МЗ Н-016	Межмуниципальное	Цильнинский	" ""Цивильск-Ульяновск""-Малое Нагаткино-Новая Воля"	IV	0	9.3	9.3	9.3			
19.	9732016	73 254 ОП МЗ Н-017	Межмуниципальное	Цильнинский	 Большое Нагаткино-Солнце	"IV (0-8,0)
V (8,0-8,6)"	0	8.6	8.6	8.6			
20.	9732017	73 254 ОП МЗ Н-018	Межмуниципальное	Цильнинский	 Мокрая Бугурна-Малая Цильна	V	0	4	4	4			
21.	9732018	73 254 ОП МЗ Н-019	Межмуниципальное	Цильнинский	" ""Цильна-Большое Нагаткино-Новое Никулино-Тагай-Майна-Игнатовка-Чертановка""-райтоп"	IV	0	1.3	1.3	1.3			
22.	9732019	73 254 ОП МЗ Н-020	Межмуниципальное	Цильнинский	" ""Цильна-Большое Нагаткино-Новое Никулино-Тагай-Майна-Игнатовка-Чертановка""-Пилюгино"	IV	0	1	1	1			
23.	9732020	73 254 ОП МЗ Н-021	Межмуниципальное	Цильнинский	" ""Цильна-Большое Нагаткино-Новое Никулино-Тагай-Майна-Игнатовка-Чертановка""-Степное Анненково"	IV	0	2.67	2.67	2.67			
24.	9732021	73 254 ОП МЗ Н-022	Межмуниципальное	Цильнинский	 Новое Никулино-Чириково	"IV (0-5,0)
V (5,0-6,3)"	0	6.3	6.3	3		3	0.3
25.	9732022	73 254 ОП МЗ Н-023	Межмуниципальное	Цильнинский	 Карабаевка-Погребы 	IV	0	1.9	1.9	1.9			
26.	9732023	73 254 ОП МЗ Н-024	Межмуниципальное	Цильнинский	 Беленки-Тимофеевка	V	0	2	2	2			
27.	9732022	73 254 ОП МЗ Н-025	Межмуниципальное	Цильнинский	"""Казань-Буинск-Ульяновск""-Телешовка""-Арбузовский"	IV	0	1.75	1.75	1.75			
28.	9732023	73 254 ОП МЗ Н-026	Межмуниципальное	Цильнинский	Подъезд к с. Арбузовка	IV	0	2.66	2.66	2.66			
29.	9732024	73 254 ОП МЗ Н-027	Межмуниципальное	Цильнинский	Подъезд к с. Старые Алгаши	IV	0	2.345	2.345	2.345			
30.		73 254 ОП МЗ Н-028	Межмуниципальное	Цильнинский	Подъезд к д. Садки		0	1.963	1.963	1.963			
31.		73 254 ОП МЗ Н-029	Межмуниципальное	Цильнинский	«Цивильск –Ульяновск» – Новая Воля		0	0.903	0.903	0.903			
Итого по Цильнинскому району									181.644	175.309	0	3	3.335
													
2.	4001428	73 ОП РЗ К-1428	Региональное	Чердаклинский	" ""Ульяновск-Димитровград-Самара""-Старая Майна-Матвеевка-граница области"	IV	0	11.6	11.6	11.6			
3.	9732101	73 256 ОП МЗ Н-001	Межмуниципальное	Чердаклинский	 Бряндино-Еремкино	IV	0	12.04	6.14	6.14			
4.	9732102	73 256 ОП МЗ Н-002	Межмуниципальное	Чердаклинский	 Мирный-Архангельское	IV	0	9.68	9.68	9.68			
5.	9732103	73 256 ОП МЗ Н-003	Межмуниципальное	Чердаклинский	 Ульяновск-Красный Яр	IV	3.32	13.827	10.507	10.507			
6.	9732104	73 256 ОП МЗ Н-004	Межмуниципальное	Чердаклинский	 Чердаклы-Новый Белый Яр-Вислая Дубрава	IV	0	56.65	56.65	56.65			
7.	9732105	73 256 ОП МЗ Н-005	Межмуниципальное	Чердаклинский	 Чердаклы-Бряндино	IV	0	33.444	30.744	30.744			
8.	9732106	73 256 ОП МЗ Н-006	Межмуниципальное	Чердаклинский	 Новый Белый Яр-Старый Белый Яр-дом отдыха                                   им. Воровского	IV	0	8.697	8.697	8.697			
9.	9732107	73 256 ОП МЗ Н-007	Межмуниципальное	Чердаклинский	 Ульяновск-Архангельское	II	0.5	5.035	4.535	4.535			
10.	9732108	73 256 ОП МЗ Н-008	Межмуниципальное	Чердаклинский	 Первомайский-Крестово-Городище-Белорыбка	IV	0	27.5	27.5	16.3		11.2	
11.	9732109	73 256 ОП МЗ Н-009	Межмуниципальное	Чердаклинский	"""Чердаклы-Новый Белый Яр-Вислые Дубравы""-ДРСУ"	IV	0	0.3	0.3	0.3			
12.	9732110	73 256 ОП МЗ Н-010	Межмуниципальное	Чердаклинский	" ""Чердаклы-Новый Белый Яр-Вислые Дубравы""-жилой поселок  ДРСУ"	IV	0	0.5	0.5	0.5			
13.	9732111	73 256 ОП МЗ Н-011	Межмуниципальное	Чердаклинский	" ""Чердаклы-Новый Белый Яр-Вислые Дубравы""-Чувашский Калмаюр"	IV	0	2	2	2			
14.	9732112	73 256 ОП МЗ Н-012	Межмуниципальное	Чердаклинский	" ""Чердаклы-Новый Белый Яр-Вислые Дубравы""-Суходол"	IV	0	0.7	0.7	0.7			
15.	9732113	73 256 ОП МЗ Н-013	Межмуниципальное	Чердаклинский	 Татарский Калмаюр-пристань Тургенево	IV	0	9.325	9.325	9.325			
16.	9732114	73 256 ОП МЗ Н-014	Межмуниципальное	Чердаклинский	 Мирный-Учхоз УГСХА	IV	0	19.713	19.713	19.713			
17.	9732115	73 256 ОП МЗ Н-015	Межмуниципальное	Чердаклинский	" ""Мирный-Учхоз УГСХА""-пос. УГСХА"	IV	0	1.5	1.5	1.5			
18.	9732116	73 256 ОП МЗ Н-016	Межмуниципальное	Чердаклинский	 Бряндино-Абдулово-Ертуганово	IV	0	10.16	10.16	10.16			
19.	9732118	73 256 ОП МЗ Н-017	Межмуниципальное	Чердаклинский	" ""Чердаклы-Бряндино""-Петровское"	IV	0	2.6	2.6	2.6			
20.	9732119	73 256 ОП МЗ Н-018	Межмуниципальное	Чердаклинский	" ""Чердаклы-Бряндино""-Богдашкино"	IV	0	3.6	3.6	3.6			
21.	9732120	73 256 ОП МЗ Н-019	Межмуниципальное	Чердаклинский	 Абдулово-Асаново	"IV (0-1,4)
V (1,4-2,0)"	0	2	2	1.4		0.6	
22.	9732121	73 256 ОП МЗ Н-020	Межмуниципальное	Чердаклинский	 Поповка-Камышовка	IV	0	2	2	2			
23.	9732122	73 256 ОП МЗ Н-021	Межмуниципальное	Чердаклинский	" ""Ульяновск-Димитровград-Самара""-Лощина"	IV	0	1.5	1.5	1.5			
24.	9732123	73 256 ОП МЗ Н-022	Межмуниципальное	Чердаклинский	 Петровское-Войкино	IV	0	3.6	3.6	3.6			
25.	9732124	73 256 ОП МЗ Н-023	Межмуниципальное	Чердаклинский	 Подъезд к областной психотерапевтической больнице №1	IV	0	9.902	9.902	9.902			
26.	9732125	73 256 ОП МЗ Н-024	Межмуниципальное	Чердаклинский	" ""Мирный-Учхоз УГСХА""-кладбище"	IV	0	1.2	1.2	1.2			
27.	9732126	73 256 ОП МЗ Н-025	Межмуниципальное	Чердаклинский	"""Мирный-Архангельское""-подъезд к областной психотерапевтической больнице №1"	IV	0	10.121	10.121	10.121			
28.	9732127	73 256 ОП МЗ Н-026	Межмуниципальное	Чердаклинский	"""Ульяновск–Димитровград–Самара""-Большой Уренбаш"	IV	0	0.775	0.775	0.775			
29.		73 256 ОП МЗ Н-027	Межмуниципальное	Чердаклинский	Подъезд к СНТ «Полесье»		0	3.17	3.17	0.82			2.35
30.		73 256 ОП МЗ Н-028	Межмуниципальное	Чердаклинский	«Ульяновск –Димитровград – Самара» – р.п. Чердаклы		0	7.11	7.11	7.11			
Итого по Чердаклинскому району									257.829	243.679	0	11.8	2.35
1.		73 415 ОП МЗ Н-01	Межмуниципальное	город Новоульяновск	п.Липки – с. Панская Слобода		0	6.431	6.431	6.431			
2.		73 415 ОП МЗ Н-02	Межмуниципальное	город Новоульяновск	с. Криуши – с. Панская Слобода		0	4.091	4.091	4.091			
Итого по городу Новоульяновску									10.522	10.522			
													
2.		73 401 ОП МЗ Н-001	Межмуниципальное	город Ульяновск	с. Архангельское – СТО «Юрманки» – вдоль скважин 		0	8.145	8.145	8.145			
Итого по городу Ульяновску									8.145	8.145			
Всего									4608.2813	4136.0442	16.495	384.147	71.5951
